,star_rating,title,content_rating,genre,duration,actors_list
5,8.9,12 Angry Men,NOT RATED,Drama,96,"[u'Henry Fonda', u'Lee J. Cobb', u'Martin Balsam']"
9,8.9,Fight Club,R,Drama,139,"[u'Brad Pitt', u'Edward Norton', u'Helena Bonham Carter']"
13,8.8,Forrest Gump,PG-13,Drama,142,"[u'Tom Hanks', u'Robin Wright', u'Gary Sinise']"
16,8.7,One Flew Over the Cuckoo's Nest,R,Drama,133,"[u'Jack Nicholson', u'Louise Fletcher', u'Michael Berryman']"
17,8.7,Seven Samurai,UNRATED,Drama,207,"[u'Toshir\xf4 Mifune', u'Takashi Shimura', u'Keiko Tsushima']"
22,8.7,It's a Wonderful Life,APPROVED,Drama,130,"[u'James Stewart', u'Donna Reed', u'Lionel Barrymore']"
24,8.7,Se7en,R,Drama,127,"[u'Morgan Freeman', u'Brad Pitt', u'Kevin Spacey']"
27,8.6,The Silence of the Lambs,R,Drama,118,"[u'Jodie Foster', u'Anthony Hopkins', u'Lawrence A. Bonney']"
32,8.6,Casablanca,PG,Drama,102,"[u'Humphrey Bogart', u'Ingrid Bergman', u'Paul Henreid']"
33,8.6,Whiplash,R,Drama,107,"[u'Miles Teller', u'J.K. Simmons', u'Melissa Benoist']"
41,8.5,Sunset Blvd.,NOT RATED,Drama,110,"[u'William Holden', u'Gloria Swanson', u'Erich von Stroheim']"
47,8.5,Taare Zameen Par,PG,Drama,165,"[u'Darsheel Safary', u'Aamir Khan', u'Tanay Chheda']"
50,8.5,Cinema Paradiso,R,Drama,155,"[u'Philippe Noiret', u'Enzo Cannavale', u'Antonella Attili']"
51,8.5,Apocalypse Now,R,Drama,153,"[u'Martin Sheen', u'Marlon Brando', u'Robert Duvall']"
53,8.5,The Prestige,PG-13,Drama,130,"[u'Christian Bale', u'Hugh Jackman', u'Scarlett Johansson']"
56,8.5,The Lives of Others,R,Drama,137,"[u'Ulrich M\xfche', u'Martina Gedeck', u'Sebastian Koch']"
58,8.5,Paths of Glory,APPROVED,Drama,88,"[u'Kirk Douglas', u'Ralph Meeker', u'Adolphe Menjou']"
67,8.4,American Beauty,R,Drama,122,"[u'Kevin Spacey', u'Annette Bening', u'Thora Birch']"
72,8.4,Rang De Basanti,NOT RATED,Drama,157,"[u'Aamir Khan', u'Soha Ali Khan', u'Siddharth']"
73,8.4,Jodaeiye Nader az Simin,PG-13,Drama,123,"[u'Peyman Moaadi', u'Leila Hatami', u'Sareh Bayat']"
74,8.4,Citizen Kane,APPROVED,Drama,119,"[u'Orson Welles', u'Joseph Cotten', u'Dorothy Comingore']"
77,8.4,Oldeuboi,R,Drama,120,"[u'Min-sik Choi', u'Ji-tae Yu', u'Hye-jeong Kang']"
83,8.4,To Kill a Mockingbird,NOT RATED,Drama,129,"[u'Gregory Peck', u'John Megna', u'Frank Overton']"
84,8.4,Requiem for a Dream,R,Drama,102,"[u'Ellen Burstyn', u'Jared Leto', u'Jennifer Connelly']"
87,8.4,Bicycle Thieves,NOT RATED,Drama,93,"[u'Lamberto Maggiorani', u'Enzo Staiola', u'Lianella Carell']"
89,8.4,Swades,NOT RATED,Drama,189,"[u'Shah Rukh Khan', u'Gayatri Joshi', u'Kishori Balal']"
91,8.4,Eternal Sunshine of the Spotless Mind,R,Drama,108,"[u'Jim Carrey', u'Kate Winslet', u'Tom Wilkinson']"
95,8.4,All About Eve,APPROVED,Drama,138,"[u'Bette Davis', u'Anne Baxter', u'George Sanders']"
102,8.3,Full Metal Jacket,R,Drama,116,"[u'Matthew Modine', u'R. Lee Ermey', u""Vincent D'Onofrio""]"
104,8.3,Ikiru,NOT RATED,Drama,143,"[u'Takashi Shimura', u'Nobuo Kaneko', u""Shin'ichi Himori""]"
108,8.3,Metropolis,NOT RATED,Drama,153,"[u'Brigitte Helm', u'Alfred Abel', u'Gustav Fr\xf6hlich']"
116,8.3,Mr. Smith Goes to Washington,NOT RATED,Drama,129,"[u'James Stewart', u'Jean Arthur', u'Claude Rains']"
121,8.3,Jagten,R,Drama,115,"[u'Mads Mikkelsen', u'Thomas Bo Larsen', u'Annika Wedderkopp']"
127,8.3,Wild Strawberries,UNRATED,Drama,91,"[u'Victor Sj\xf6str\xf6m', u'Bibi Andersson', u'Ingrid Thulin']"
130,8.3,Chinatown,R,Drama,130,"[u'Jack Nicholson', u'Faye Dunaway', u'John Huston']"
132,8.3,Judgment at Nuremberg,NOT RATED,Drama,186,"[u'Spencer Tracy', u'Burt Lancaster', u'Richard Widmark']"
134,8.3,The Seventh Seal,NOT RATED,Drama,96,"[u'Max von Sydow', u'Gunnar Bj\xf6rnstrand', u'Bengt Ekerot']"
136,8.3,Pan's Labyrinth,R,Drama,118,"[u'Ivana Baquero', u'Ariadna Gil', u'Sergi L\xf3pez']"
139,8.3,Good Will Hunting,R,Drama,126,"[u'Robin Williams', u'Matt Damon', u'Ben Affleck']"
141,8.3,The Secret in Their Eyes,R,Drama,129,"[u'Ricardo Dar\xedn', u'Soledad Villamil', u'Pablo Rago']"
146,8.2,Warrior,PG-13,Drama,140,"[u'Tom Hardy', u'Nick Nolte', u'Joel Edgerton']"
150,8.2,Incendies,R,Drama,139,"[u'Lubna Azabal', u'M\xe9lissa D\xe9sormeaux-Poulin', u'Maxim Gaudette']"
157,8.2,Gone with the Wind,G,Drama,238,"[u'Clark Gable', u'Vivien Leigh', u'Thomas Mitchell']"
158,8.2,Gone Girl,R,Drama,149,"[u'Ben Affleck', u'Rosamund Pike', u'Neil Patrick Harris']"
159,8.2,The Best Years of Our Lives,PASSED,Drama,172,"[u'Fredric March', u'Dana Andrews', u'Myrna Loy']"
162,8.2,Gran Torino,R,Drama,116,"[u'Clint Eastwood', u'Bee Vang', u'Christopher Carley']"
166,8.2,The Deer Hunter,R,Drama,182,"[u'Robert De Niro', u'Christopher Walken', u'John Cazale']"
168,8.2,Hachi: A Dog's Tale,G,Drama,93,"[u'Richard Gere', u'Joan Allen', u'Cary-Hiroyuki Tagawa']"
172,8.2,Trainspotting,R,Drama,94,"[u'Ewan McGregor', u'Ewen Bremner', u'Jonny Lee Miller']"
174,8.2,Persona,NOT RATED,Drama,83,"[u'Bibi Andersson', u'Liv Ullmann', u'Margaretha Krook']"
180,8.2,Hotel Rwanda,PG-13,Drama,121,"[u'Don Cheadle', u'Sophie Okonedo', u'Joaquin Phoenix']"
181,8.2,Stalker,NOT RATED,Drama,163,"[u'Alisa Freyndlikh', u'Aleksandr Kaydanovskiy', u'Anatoliy Solonitsyn']"
184,8.2,Fanny and Alexander,R,Drama,188,"[u'Bertil Guve', u'Pernilla Allwin', u'Kristina Adolphson']"
185,8.2,Network,R,Drama,121,"[u'Faye Dunaway', u'William Holden', u'Peter Finch']"
188,8.2,The Grapes of Wrath,NOT RATED,Drama,129,"[u'Henry Fonda', u'Jane Darwell', u'John Carradine']"
191,8.2,The Sixth Sense,PG-13,Drama,107,"[u'Bruce Willis', u'Haley Joel Osment', u'Toni Collette']"
195,8.1,Platoon,R,Drama,120,"[u'Charlie Sheen', u'Tom Berenger', u'Willem Dafoe']"
202,8.1,La leggenda del pianista sull'oceano,R,Drama,165,"[u'Tim Roth', u'Pruitt Taylor Vince', u'Bill Nunn']"
203,8.1,8 1/2,NOT RATED,Drama,138,"[u'Marcello Mastroianni', u'Anouk Aim\xe9e', u'Claudia Cardinale']"
205,8.1,Amores Perros,R,Drama,154,"[u'Emilio Echevarr\xeda', u'Gael Garc\xeda Bernal', u'Goya Toledo']"
207,8.1,What Ever Happened to Baby Jane?,APPROVED,Drama,134,"[u'Bette Davis', u'Joan Crawford', u'Victor Buono']"
211,8.1,Departures,PG-13,Drama,130,"[u'Masahiro Motoki', u'Ry\xf4ko Hirosue', u'Tsutomu Yamazaki']"
213,8.1,There Will Be Blood,R,Drama,158,"[u'Daniel Day-Lewis', u'Paul Dano', u'Ciar\xe1n Hinds']"
215,8.1,La Strada,NOT RATED,Drama,108,"[u'Anthony Quinn', u'Giulietta Masina', u'Richard Basehart']"
218,8.1,Donnie Darko,R,Drama,113,"[u'Jake Gyllenhaal', u'Jena Malone', u'Mary McDonnell']"
219,8.1,Who's Afraid of Virginia Woolf?,TV-MA,Drama,131,"[u'Elizabeth Taylor', u'Richard Burton', u'George Segal']"
221,8.1,Solaris,PG,Drama,167,"[u'Natalya Bondarchuk', u'Donatas Banionis', u'J\xfcri J\xe4rvet']"
223,8.1,"Paris, Texas",R,Drama,147,"[u'Harry Dean Stanton', u'Nastassja Kinski', u'Dean Stockwell']"
226,8.1,Boyhood,R,Drama,165,"[u'Ellar Coltrane', u'Patricia Arquette', u'Ethan Hawke']"
227,8.1,Million Dollar Baby,PG-13,Drama,132,"[u'Hilary Swank', u'Clint Eastwood', u'Morgan Freeman']"
228,8.1,The Last Picture Show,R,Drama,118,"[u'Timothy Bottoms', u'Jeff Bridges', u'Cybill Shepherd']"
230,8.1,Cat on a Hot Tin Roof,APPROVED,Drama,108,"[u'Elizabeth Taylor', u'Paul Newman', u'Burl Ives']"
232,8.1,Chungking Express,PG-13,Drama,98,"[u'Brigitte Lin', u'Takeshi Kaneshiro', u'Tony Chiu Wai Leung']"
237,8.1,Notorious,APPROVED,Drama,101,"[u'Cary Grant', u'Ingrid Bergman', u'Claude Rains']"
238,8.1,Before Sunrise,R,Drama,105,"[u'Ethan Hawke', u'Julie Delpy', u'Andrea Eckert']"
242,8.1,The Celebration,R,Drama,105,"[u'Ulrich Thomsen', u'Henning Moritzen', u'Thomas Bo Larsen']"
243,8.1,"Spring, Summer, Fall, Winter... and Spring",R,Drama,103,"[u'Ki-duk Kim', u'Yeong-su Oh', u'Jong-ho Kim']"
247,8.1,Three Colors: Red,R,Drama,99,"[u'Ir\xe8ne Jacob', u'Jean-Louis Trintignant', u'Fr\xe9d\xe9rique Feder']"
250,8.1,In the Mood for Love,PG,Drama,98,"[u'Tony Chiu Wai Leung', u'Maggie Cheung', u'Ping Lam Siu']"
251,8.1,The Man Who Shot Liberty Valance,APPROVED,Drama,123,"[u'James Stewart', u'John Wayne', u'Vera Miles']"
259,8.1,The Help,PG-13,Drama,146,"[u'Emma Stone', u'Viola Davis', u'Octavia Spencer']"
262,8.1,The Hustler,UNRATED,Drama,134,"[u'Paul Newman', u'Jackie Gleason', u'Piper Laurie']"
267,8.1,Jaws,PG,Drama,124,"[u'Roy Scheider', u'Robert Shaw', u'Richard Dreyfuss']"
269,8.1,Rocky,PG,Drama,119,"[u'Sylvester Stallone', u'Talia Shire', u'Burt Young']"
270,8.1,Wings of Desire,PG-13,Drama,128,"[u'Bruno Ganz', u'Solveig Dommartin', u'Otto Sander']"
279,8.1,The Perks of Being a Wallflower,PG-13,Drama,102,"[u'Logan Lerman', u'Emma Watson', u'Ezra Miller']"
283,8.1,Before Sunset,R,Drama,80,"[u'Ethan Hawke', u'Julie Delpy', u'Vernon Dobtcheff']"
284,8.1,A Streetcar Named Desire,PG,Drama,122,"[u'Vivien Leigh', u'Marlon Brando', u'Kim Hunter']"
288,8.1,Sling Blade,R,Drama,135,"[u'Billy Bob Thornton', u'Dwight Yoakam', u'J.T. Walsh']"
289,8.1,All Quiet on the Western Front,UNRATED,Drama,136,"[u'Lew Ayres', u'Louis Wolheim', u'John Wray']"
291,8.1,The Return,UNRATED,Drama,105,"[u'Vladimir Garin', u'Ivan Dobronravov', u'Konstantin Lavronenko']"
295,8.1,The Truman Show,PG,Drama,103,"[u'Jim Carrey', u'Ed Harris', u'Laura Linney']"
307,8.0,East of Eden,PG,Drama,115,"[u'James Dean', u'Raymond Massey', u'Julie Harris']"
311,8.0,Slumdog Millionaire,R,Drama,120,"[u'Dev Patel', u'Freida Pinto', u'Saurabh Shukla']"
316,8.0,JFK,R,Drama,189,"[u'Kevin Costner', u'Gary Oldman', u'Jack Lemmon']"
318,8.0,Magnolia,R,Drama,188,"[u'Tom Cruise', u'Jason Robards', u'Julianne Moore']"
320,8.0,Central Station,R,Drama,113,"[u'Fernanda Montenegro', u'Vin\xedcius de Oliveira', u'Mar\xedlia P\xeara']"
323,8.0,Her,R,Drama,126,"[u'Joaquin Phoenix', u'Amy Adams', u'Scarlett Johansson']"
325,8.0,Rain Man,R,Drama,133,"[u'Dustin Hoffman', u'Tom Cruise', u'Valeria Golino']"
326,8.0,Talk to Her,R,Drama,112,"[u'Rosario Flores', u'Javier C\xe1mara', u'Dar\xedo Grandinetti']"
331,8.0,Black Swan,R,Drama,108,"[u'Natalie Portman', u'Mila Kunis', u'Vincent Cassel']"
334,8.0,Short Term 12,R,Drama,96,"[u'Brie Larson', u'Frantz Turner', u'John Gallagher Jr.']"
335,8.0,Doctor Zhivago,PG-13,Drama,197,"[u'Omar Sharif', u'Julie Christie', u'Geraldine Chaplin']"
337,8.0,All the President's Men,R,Drama,138,"[u'Dustin Hoffman', u'Robert Redford', u'Jack Warden']"
342,8.0,Dead Poets Society,PG,Drama,128,"[u'Robin Williams', u'Robert Sean Leonard', u'Ethan Hawke']"
344,8.0,Head-On,R,Drama,121,"[u'Birol \xdcnel', u'Sibel Kekilli', u'G\xfcven Kira\xe7']"
345,8.0,No Man's Land,R,Drama,98,"[u'Branko Djuric', u'Rene Bitorajac', u'Filip Sovagovic']"
347,8.0,Days of Heaven,PG,Drama,94,"[u'Richard Gere', u'Brooke Adams', u'Sam Shepard']"
355,8.0,Secrets & Lies,R,Drama,136,"[u'Timothy Spall', u'Brenda Blethyn', u'Phyllis Logan']"
360,8.0,Let the Right One In,R,Drama,115,"[u'K\xe5re Hedebrant', u'Lina Leandersson', u'Per Ragnar']"
361,8.0,Fiddler on the Roof,G,Drama,181,"[u'Topol', u'Norma Crane', u'Leonard Frey']"
363,8.0,Three Colors: Blue,R,Drama,98,"[u'Juliette Binoche', u'Zbigniew Zamachowski', u'Julie Delpy']"
364,8.0,Rosemary's Baby,R,Drama,136,"[u'Mia Farrow', u'John Cassavetes', u'Ruth Gordon']"
371,8.0,Moon,R,Drama,97,"[u'Sam Rockwell', u'Kevin Spacey', u'Dominique McElligott']"
372,8.0,Before Midnight,R,Drama,109,"[u'Ethan Hawke', u'Julie Delpy', u'Seamus Davey-Fitzpatrick']"
373,8.0,My Name Is Khan,PG-13,Drama,165,"[u'Shah Rukh Khan', u'Kajol', u'Sheetal Menon']"
374,8.0,Scent of a Woman,R,Drama,156,"[u'Al Pacino', u""Chris O'Donnell"", u'James Rebhorn']"
375,8.0,Mulholland Dr.,R,Drama,147,"[u'Naomi Watts', u'Laura Harring', u'Justin Theroux']"
377,8.0,The Fault in Our Stars,PG-13,Drama,126,"[u'Shailene Woodley', u'Ansel Elgort', u'Nat Wolff']"
379,8.0,Edward Scissorhands,PG-13,Drama,105,"[u'Johnny Depp', u'Winona Ryder', u'Dianne Wiest']"
387,8.0,Midnight Cowboy,X,Drama,113,"[u'Dustin Hoffman', u'Jon Voight', u'Sylvia Miles']"
389,8.0,Freaks,UNRATED,Drama,64,"[u'Wallace Ford', u'Leila Hyams', u'Olga Baclanova']"
390,8.0,Letters from Iwo Jima,R,Drama,141,"[u'Ken Watanabe', u'Kazunari Ninomiya', u'Tsuyoshi Ihara']"
392,8.0,Glory,R,Drama,122,"[u'Matthew Broderick', u'Denzel Washington', u'Cary Elwes']"
396,7.9,Almost Famous,R,Drama,122,"[u'Billy Crudup', u'Patrick Fugit', u'Kate Hudson']"
397,7.9,The Notebook,PG-13,Drama,123,"[u'Gena Rowlands', u'James Garner', u'Rachel McAdams']"
398,7.9,The Conversation,PG,Drama,113,"[u'Gene Hackman', u'John Cazale', u'Allen Garfield']"
402,7.9,Once,R,Drama,85,"[u'Glen Hansard', u'Mark\xe9ta Irglov\xe1', u'Hugh Walsh']"
404,7.9,The Remains of the Day,PG,Drama,134,"[u'Anthony Hopkins', u'Emma Thompson', u'John Haycraft']"
406,7.9,The Wrestler,R,Drama,109,"[u'Mickey Rourke', u'Marisa Tomei', u'Evan Rachel Wood']"
415,7.9,The Killing Fields,R,Drama,141,"[u'Sam Waterston', u'Haing S. Ngor', u'John Malkovich']"
416,7.9,All About My Mother,R,Drama,101,"[u'Cecilia Roth', u'Marisa Paredes', u'Candela Pe\xf1a']"
422,7.9,Children of Men,R,Drama,109,"[u'Julianne Moore', u'Clive Owen', u'Chiwetel Ejiofor']"
427,7.9,"4 Months, 3 Weeks and 2 Days",NOT RATED,Drama,113,"[u'Anamaria Marinca', u'Vlad Ivanov', u'Laura Vasiliu']"
428,7.9,Le passe,PG-13,Drama,130,"[u'B\xe9r\xe9nice Bejo', u'Tahar Rahim', u'Ali Mosaffa']"
430,7.9,Breaking the Waves,R,Drama,159,"[u'Emily Watson', u'Stellan Skarsg\xe5rd', u'Katrin Cartlidge']"
431,7.9,Mr. Nobody,R,Drama,141,"[u'Jared Leto', u'Sarah Polley', u'Diane Kruger']"
432,7.9,Crash,R,Drama,112,"[u'Don Cheadle', u'Sandra Bullock', u'Thandie Newton']"
439,7.9,The Chorus,PG-13,Drama,97,"[u'G\xe9rard Jugnot', u'Fran\xe7ois Berl\xe9and', u'Jean-Baptiste Maunier']"
444,7.9,My Fair Lady,APPROVED,Drama,170,"[u'Audrey Hepburn', u'Rex Harrison', u'Stanley Holloway']"
448,7.9,Cabaret,PG,Drama,124,"[u'Liza Minnelli', u'Michael York', u'Helmut Griem']"
449,7.9,Halloween,R,Drama,91,"[u'Donald Pleasence', u'Jamie Lee Curtis', u'Tony Moran']"
456,7.9,Blue Is the Warmest Color,NC-17,Drama,179,"[u'L\xe9a Seydoux', u'Ad\xe8le Exarchopoulos', u'Salim Kechiouche']"
457,7.9,Boogie Nights,R,Drama,155,"[u'Mark Wahlberg', u'Julianne Moore', u'Burt Reynolds']"
463,7.9,Glengarry Glen Ross,R,Drama,100,"[u'Al Pacino', u'Jack Lemmon', u'Alec Baldwin']"
473,7.8,Ordinary People,R,Drama,124,"[u'Donald Sutherland', u'Mary Tyler Moore', u'Judd Hirsch']"
476,7.8,Hamlet,PG-13,Drama,242,"[u'Kenneth Branagh', u'Julie Christie', u'Derek Jacobi']"
477,7.8,Amour,PG-13,Drama,127,"[u'Jean-Louis Trintignant', u'Emmanuelle Riva', u'Isabelle Huppert']"
481,7.8,Evil,NOT RATED,Drama,113,"[u'Andreas Wilson', u'Henrik Lundstr\xf6m', u'Gustaf Skarsg\xe5rd']"
485,7.8,Black Book,R,Drama,145,"[u'Carice van Houten', u'Sebastian Koch', u'Thom Hoffman']"
490,7.8,Open Your Eyes,R,Drama,117,"[u'Eduardo Noriega', u'Pen\xe9lope Cruz', u'Chete Lera']"
499,7.8,Gattaca,PG-13,Drama,106,"[u'Ethan Hawke', u'Uma Thurman', u'Jude Law']"
503,7.8,The Boy in the Striped Pajamas,PG-13,Drama,94,"[u'Asa Butterfield', u'David Thewlis', u'Rupert Friend']"
504,7.8,Empire of the Sun,PG,Drama,153,"[u'Christian Bale', u'John Malkovich', u'Miranda Richardson']"
505,7.8,About Time,R,Drama,123,"[u'Domhnall Gleeson', u'Rachel McAdams', u'Bill Nighy']"
507,7.8,In America,PG-13,Drama,105,"[u'Paddy Considine', u'Samantha Morton', u'Djimon Hounsou']"
508,7.8,The Curious Case of Benjamin Button,PG-13,Drama,166,"[u'Brad Pitt', u'Cate Blanchett', u'Tilda Swinton']"
511,7.8,Rebel Without a Cause,PG-13,Drama,111,"[u'James Dean', u'Natalie Wood', u'Sal Mineo']"
521,7.8,Belle de Jour,APPROVED,Drama,101,"[u'Catherine Deneuve', u'Jean Sorel', u'Michel Piccoli']"
523,7.8,Repulsion,UNRATED,Drama,105,"[u'Catherine Deneuve', u'Ian Hendry', u'John Fraser']"
525,7.8,Pride & Prejudice,PG,Drama,129,"[u'Keira Knightley', u'Matthew Macfadyen', u'Brenda Blethyn']"
526,7.8,Zulu,UNRATED,Drama,138,"[u'Stanley Baker', u'Jack Hawkins', u'Ulla Jacobsson']"
528,7.8,From Here to Eternity,NOT RATED,Drama,118,"[u'Burt Lancaster', u'Montgomery Clift', u'Deborah Kerr']"
530,7.8,Atonement,R,Drama,123,"[u'Keira Knightley', u'James McAvoy', u'Brenda Blethyn']"
538,7.8,The White Ribbon,R,Drama,144,"[u'Christian Friedel', u'Ernst Jacobi', u'Leonie Benesch']"
540,7.8,The Color Purple,PG-13,Drama,154,"[u'Danny Glover', u'Whoopi Goldberg', u'Oprah Winfrey']"
543,7.8,Lost in Translation,R,Drama,101,"[u'Bill Murray', u'Scarlett Johansson', u'Giovanni Ribisi']"
544,7.8,Argo,R,Drama,120,"[u'Ben Affleck', u'Bryan Cranston', u'John Goodman']"
548,7.8,The Experiment,R,Drama,120,"[u'Moritz Bleibtreu', u'Christian Berkel', u'Oliver Stokowski']"
558,7.8,The Game,R,Drama,129,"[u'Michael Douglas', u'Deborah Kara Unger', u'Sean Penn']"
559,7.8,Changeling,R,Drama,141,"[u'Angelina Jolie', u'Colm Feore', u'Amy Ryan']"
562,7.8,What's Eating Gilbert Grape,PG-13,Drama,118,"[u'Johnny Depp', u'Leonardo DiCaprio', u'Juliette Lewis']"
575,7.8,Kramer vs. Kramer,APPROVED,Drama,105,"[u'Dustin Hoffman', u'Meryl Streep', u'Jane Alexander']"
589,7.7,The Machinist,R,Drama,101,"[u'Christian Bale', u'Jennifer Jason Leigh', u'Aitana S\xe1nchez-Gij\xf3n']"
592,7.7,Detachment,NOT RATED,Drama,98,"[u'Adrien Brody', u'Christina Hendricks', u'Marcia Gay Harden']"
594,7.7,Dead Man,R,Drama,121,"[u'Johnny Depp', u'Gary Farmer', u'Crispin Glover']"
600,7.7,Barton Fink,R,Drama,116,"[u'John Turturro', u'John Goodman', u'Judy Davis']"
603,7.7,A Very Long Engagement,R,Drama,133,"[u'Audrey Tautou', u'Gaspard Ulliel', u'Jodie Foster']"
604,7.7,Mysterious Skin,NC-17,Drama,105,"[u'Brady Corbet', u'Joseph Gordon-Levitt', u'Elisabeth Shue']"
606,7.7,Black Hawk Down,R,Drama,144,"[u'Josh Hartnett', u'Ewan McGregor', u'Tom Sizemore']"
609,7.7,Frost/Nixon,R,Drama,122,"[u'Frank Langella', u'Michael Sheen', u'Kevin Bacon']"
618,7.7,Shane,APPROVED,Drama,118,"[u'Alan Ladd', u'Jean Arthur', u'Van Heflin']"
620,7.7,Titanic,PG-13,Drama,194,"[u'Leonardo DiCaprio', u'Kate Winslet', u'Billy Zane']"
628,7.7,Brokeback Mountain,R,Drama,134,"[u'Jake Gyllenhaal', u'Heath Ledger', u'Michelle Williams']"
632,7.7,Boy A,R,Drama,106,"[u'Andrew Garfield', u'Peter Mullan', u'Shaun Evans']"
634,7.7,Close Encounters of the Third Kind,PG,Drama,137,"[u'Richard Dreyfuss', u'Fran\xe7ois Truffaut', u'Teri Garr']"
635,7.7,Match Point,R,Drama,124,"[u'Scarlett Johansson', u'Jonathan Rhys Meyers', u'Emily Mortimer']"
643,7.7,The Visitor,PG-13,Drama,104,"[u'Richard Jenkins', u'Haaz Sleiman', u'Danai Gurira']"
644,7.7,Philadelphia,PG-13,Drama,125,"[u'Tom Hanks', u'Denzel Washington', u'Roberta Maxwell']"
645,7.7,Sense and Sensibility,PG,Drama,131,"[u'Emma Thompson', u'Kate Winslet', u'James Fleet']"
647,7.7,La grande bellezza,NOT RATED,Drama,142,"[u'Toni Servillo', u'Carlo Verdone', u'Sabrina Ferilli']"
654,7.7,Dangerous Liaisons,R,Drama,119,"[u'Glenn Close', u'John Malkovich', u'Michelle Pfeiffer']"
659,7.7,Sophie's Choice,R,Drama,150,"[u'Meryl Streep', u'Kevin Kline', u'Peter MacNicol']"
665,7.7,Lolita,NOT RATED,Drama,152,"[u'James Mason', u'Shelley Winters', u'Sue Lyon']"
672,7.7,In a Better World,R,Drama,119,"[u'Mikael Persbrandt', u'Trine Dyrholm', u'Markus Rygaard']"
673,7.7,Blow-Up,NOT RATED,Drama,111,"[u'David Hemmings', u'Vanessa Redgrave', u'Sarah Miles']"
676,7.7,Lost Highway,R,Drama,134,"[u'Bill Pullman', u'Patricia Arquette', u'John Roselius']"
678,7.7,Les Miserables,PG-13,Drama,158,"[u'Hugh Jackman', u'Russell Crowe', u'Anne Hathaway']"
679,7.7,Moulin Rouge!,PG-13,Drama,127,"[u'Nicole Kidman', u'Ewan McGregor', u'John Leguizamo']"
680,7.7,Whale Rider,PG-13,Drama,101,"[u'Keisha Castle-Hughes', u'Rawiri Paratene', u'Vicky Haughton']"
689,7.7,Seven Pounds,PG-13,Drama,123,"[u'Will Smith', u'Rosario Dawson', u'Woody Harrelson']"
695,7.7,Y Tu Mama Tambien,R,Drama,106,"[u'Maribel Verd\xfa', u'Gael Garc\xeda Bernal', u'Daniel Gim\xe9nez Cacho']"
702,7.6,Jin ling shi san chai,R,Drama,146,"[u'Christian Bale', u'Ni Ni', u'Xinyi Zhang']"
705,7.6,I Am Sam,PG-13,Drama,132,"[u'Sean Penn', u'Michelle Pfeiffer', u'Dakota Fanning']"
706,7.6,Fried Green Tomatoes,PG-13,Drama,130,"[u'Kathy Bates', u'Jessica Tandy', u'Mary Stuart Masterson']"
709,7.6,The Illusionist,PG-13,Drama,110,"[u'Edward Norton', u'Jessica Biel', u'Paul Giamatti']"
716,7.6,A Few Good Men,R,Drama,138,"[u'Tom Cruise', u'Jack Nicholson', u'Demi Moore']"
718,7.6,The Kite Runner,PG-13,Drama,128,"[u'Khalid Abdalla', u'Ahmad Khan Mahmoodzada', u'Atossa Leoni']"
720,7.6,Munich,R,Drama,164,"[u'Eric Bana', u'Daniel Craig', u'Marie-Jos\xe9e Croze']"
721,7.6,House of Sand and Fog,R,Drama,126,"[u'Jennifer Connelly', u'Ben Kingsley', u'Ron Eldard']"
731,7.6,The Thin Red Line,R,Drama,170,"[u'Jim Caviezel', u'Sean Penn', u'Nick Nolte']"
734,7.6,The Last Temptation of Christ,R,Drama,164,"[u'Willem Dafoe', u'Harvey Keitel', u'Barbara Hershey']"
739,7.6,The Hurt Locker,R,Drama,131,"[u'Jeremy Renner', u'Anthony Mackie', u'Brian Geraghty']"
751,7.6,The Impossible,PG-13,Drama,114,"[u'Naomi Watts', u'Ewan McGregor', u'Tom Holland']"
755,7.6,"Lust, Caution",NC-17,Drama,157,"[u'Tony Chiu Wai Leung', u'Wei Tang', u'Joan Chen']"
760,7.6,Enemy at the Gates,R,Drama,131,"[u'Jude Law', u'Ed Harris', u'Joseph Fiennes']"
762,7.6,Little Children,R,Drama,136,"[u'Kate Winslet', u'Jennifer Connelly', u'Patrick Wilson']"
768,7.6,The Reader,R,Drama,124,"[u'Kate Winslet', u'Ralph Fiennes', u'Bruno Ganz']"
770,7.6,A Royal Affair,R,Drama,137,"[u'Alicia Vikander', u'Mads Mikkelsen', u'Mikkel Boe F\xf8lsgaard']"
773,7.6,Disconnect,R,Drama,115,"[u'Jason Bateman', u'Jonah Bobo', u'Haley Ramm']"
774,7.6,A Single Man,R,Drama,99,"[u'Colin Firth', u'Julianne Moore', u'Matthew Goode']"
775,7.6,Hoosiers,PG,Drama,114,"[u'Gene Hackman', u'Barbara Hershey', u'Dennis Hopper']"
777,7.6,The Book Thief,PG-13,Drama,131,"[u'Sophie N\xe9lisse', u'Geoffrey Rush', u'Emily Watson']"
785,7.6,The Piano,R,Drama,121,"[u'Holly Hunter', u'Harvey Keitel', u'Sam Neill']"
790,7.6,Of Mice and Men,PG-13,Drama,115,"[u'John Malkovich', u'Gary Sinise', u'Ray Walston']"
795,7.6,Leaving Las Vegas,R,Drama,111,"[u'Nicolas Cage', u'Elisabeth Shue', u'Julian Sands']"
800,7.6,Field of Dreams,PG,Drama,107,"[u'Kevin Costner', u'James Earl Jones', u'Ray Liotta']"
805,7.6,Keith,PG-13,Drama,93,"[u'Elisabeth Harnois', u'Jesse McCartney', u'Margo Harshman']"
810,7.6,The Hours,PG-13,Drama,114,"[u'Meryl Streep', u'Nicole Kidman', u'Julianne Moore']"
813,7.6,The Natural,PG,Drama,138,"[u'Robert Redford', u'Robert Duvall', u'Glenn Close']"
816,7.6,August Rush,PG,Drama,114,"[u'Freddie Highmore', u'Keri Russell', u'Jonathan Rhys Meyers']"
819,7.6,Jacob's Ladder,R,Drama,113,"[u'Tim Robbins', u'Elizabeth Pe\xf1a', u'Danny Aiello']"
822,7.5,"Good Night, and Good Luck.",PG,Drama,93,"[u'David Strathairn', u'George Clooney', u'Patricia Clarkson']"
827,7.5,The Wind That Shakes the Barley,NOT RATED,Drama,127,"[u'Cillian Murphy', u'Padraic Delaney', u'Liam Cunningham']"
831,7.5,Reign Over Me,R,Drama,124,"[u'Adam Sandler', u'Don Cheadle', u'Jada Pinkett Smith']"
834,7.5,Life as a House,R,Drama,125,"[u'Hayden Christensen', u'Kevin Kline', u'Kristin Scott Thomas']"
838,7.5,The Class,PG-13,Drama,128,"[u'Fran\xe7ois B\xe9gaudeau', u'Agame Malembo-Emene', u'Ang\xe9lica Sancio']"
842,7.5,Cloud Atlas,R,Drama,172,"[u'Tom Hanks', u'Halle Berry', u'Hugh Grant']"
845,7.5,The Painted Veil,PG-13,Drama,125,"[u'Naomi Watts', u'Edward Norton', u'Liev Schreiber']"
849,7.5,Quiz Show,PG-13,Drama,133,"[u'Ralph Fiennes', u'John Turturro', u'Rob Morrow']"
851,7.5,The Bridges of Madison County,PG-13,Drama,135,"[u'Clint Eastwood', u'Meryl Streep', u'Annie Corley']"
854,7.5,Miracle,PG,Drama,135,"[u'Kurt Russell', u'Patricia Clarkson', u'Nathan West']"
859,7.5,Doubt,PG-13,Drama,104,"[u'Meryl Streep', u'Philip Seymour Hoffman', u'Amy Adams']"
861,7.5,The Orphanage,R,Drama,105,"[u'Bel\xe9n Rueda', u'Fernando Cayo', u'Roger Pr\xedncep']"
862,7.5,Malena,R,Drama,109,"[u'Monica Bellucci', u'Giuseppe Sulfaro', u'Luciano Federico']"
870,7.5,The Ice Storm,R,Drama,112,"[u'Kevin Kline', u'Joan Allen', u'Sigourney Weaver']"
872,7.5,We Need to Talk About Kevin,R,Drama,112,"[u'Tilda Swinton', u'John C. Reilly', u'Ezra Miller']"
874,7.5,Still Alice,PG-13,Drama,101,"[u'Julianne Moore', u'Alec Baldwin', u'Kristen Stewart']"
875,7.5,Rust and Bone,R,Drama,120,"[u'Marion Cotillard', u'Matthias Schoenaerts', u'Armand Verdure']"
877,7.5,Legends of the Fall,R,Drama,133,"[u'Brad Pitt', u'Anthony Hopkins', u'Aidan Quinn']"
879,7.5,The Constant Gardener,R,Drama,129,"[u'Ralph Fiennes', u'Rachel Weisz', u'Hubert Kound\xe9']"
886,7.5,Pi,R,Drama,84,"[u'Sean Gullette', u'Mark Margolis', u'Ben Shenkman']"
887,7.5,The Devil's Backbone,R,Drama,106,"[u'Marisa Paredes', u'Eduardo Noriega', u'Federico Luppi']"
889,7.5,Devil's Advocate,R,Drama,144,"[u'Keanu Reeves', u'Al Pacino', u'Charlize Theron']"
895,7.5,Biutiful,R,Drama,148,"[u'Javier Bardem', u'Maricel \xc1lvarez', u'Hanaa Bouchaib']"
897,7.5,Calvary,R,Drama,102,"[u'Brendan Gleeson', u""Chris O'Dowd"", u'Kelly Reilly']"
901,7.5,Babel,R,Drama,143,"[u'Brad Pitt', u'Cate Blanchett', u'Gael Garc\xeda Bernal']"
904,7.5,Sweeney Todd: The Demon Barber of Fleet Street,R,Drama,116,"[u'Johnny Depp', u'Helena Bonham Carter', u'Alan Rickman']"
910,7.5,2046,R,Drama,129,"[u'Tony Chiu Wai Leung', u'Ziyi Zhang', u'Faye Wong']"
914,7.5,The Judge,R,Drama,141,"[u'Robert Downey Jr.', u'Robert Duvall', u'Vera Farmiga']"
916,7.5,Up in the Air,R,Drama,109,"[u'George Clooney', u'Vera Farmiga', u'Anna Kendrick']"
917,7.5,Begin Again,R,Drama,104,"[u'Keira Knightley', u'Mark Ruffalo', u'Adam Levine']"
922,7.5,Mud,PG-13,Drama,130,"[u'Matthew McConaughey', u'Tye Sheridan', u'Jacob Lofland']"
923,7.5,Across the Universe,PG-13,Drama,133,"[u'Evan Rachel Wood', u'Jim Sturgess', u'Joe Anderson']"
925,7.5,Notes on a Scandal,R,Drama,92,"[u'Cate Blanchett', u'Judi Dench', u'Andrew Simpson']"
926,7.5,Inside Llewyn Davis,R,Drama,104,"[u'Oscar Isaac', u'Carey Mulligan', u'John Goodman']"
939,7.4,Predestination,R,Drama,97,"[u'Ethan Hawke', u'Sarah Snook', u'Noah Taylor']"
941,7.4,A Bridge Too Far,PG,Drama,175,"[u'Sean Connery', u""Ryan O'Neal"", u'Michael Caine']"
945,7.4,Take Shelter,R,Drama,120,"[u'Michael Shannon', u'Jessica Chastain', u'Shea Whigham']"
946,7.4,Far from Heaven,PG-13,Drama,107,"[u'Julianne Moore', u'Dennis Quaid', u'Dennis Haysbert']"
947,7.4,Eraserhead,UNRATED,Drama,89,"[u'Jack Nance', u'Charlotte Stewart', u'Allen Joseph']"
951,7.4,Sleepy Hollow,R,Drama,105,"[u'Johnny Depp', u'Christina Ricci', u'Miranda Richardson']"
955,7.4,Zero Dark Thirty,R,Drama,157,"[u'Jessica Chastain', u'Joel Edgerton', u'Chris Pratt']"
958,7.4,My Sister's Keeper,PG-13,Drama,109,"[u'Cameron Diaz', u'Abigail Breslin', u'Alec Baldwin']"
968,7.4,The English Patient,R,Drama,162,"[u'Ralph Fiennes', u'Juliette Binoche', u'Willem Dafoe']"
970,7.4,Wonder Boys,R,Drama,107,"[u'Michael Douglas', u'Tobey Maguire', u'Frances McDormand']"
972,7.4,Blue Valentine,NC-17,Drama,112,"[u'Ryan Gosling', u'Michelle Williams', u'John Doman']"
973,7.4,The Cider House Rules,PG-13,Drama,126,"[u'Tobey Maguire', u'Charlize Theron', u'Michael Caine']"
